categoryId,name,parentCategoryId
C1,Electronics,
C2,Clothing,
C3,Sports,
C4,Home,
C5,Beauty,
C6,Books,
C7,Toys,
C8,Automotive,
C9,Grocery,
C10,Health,
C11,Computers,
C12,Phones,
C13,Cameras,
C14,Audio,
C15,Wearables,
C16,Furniture,
C17,Kitchen,
C18,Outdoors,
C19,Office,
C20,Accessories,
C21,Home Sub 21,C4
C22,Electronics Sub 22,C1
C23,Grocery Sub 23,C9
C24,Automotive Sub 24,C8
C25,Automotive Sub 25,C8
C26,Beauty Sub 26,C5
C27,Home Sub 27,C4
C28,Outdoors Sub 28,C18
C29,Sports Sub 29,C3
C30,Office Sub 30,C19
C31,Audio Sub 31,C14
C32,Clothing Sub 32,C2
C33,Electronics Sub 33,C1
C34,Sports Sub 34,C3
C35,Toys Sub 35,C7
C36,Automotive Sub 36,C8
C37,Kitchen Sub 37,C17
C38,Accessories Sub 38,C20
C39,Electronics Sub 39,C1
C40,Outdoors Sub 40,C18
C41,Toys Sub 41,C7
C42,Outdoors Sub 42,C18
C43,Audio Sub 43,C14
C44,Automotive Sub 44,C8
C45,Wearables Sub 45,C15
C46,Office Sub 46,C19
C47,Grocery Sub 47,C9
C48,Electronics Sub 48,C1
C49,Books Sub 49,C6
C50,Audio Sub 50,C14
C51,Computers Sub 51,C11
C52,Grocery Sub 52,C9
C53,Beauty Sub 53,C5
C54,Toys Sub 54,C7
C55,Computers Sub 55,C11
C56,Home Sub 56,C4
C57,Sports Sub 57,C3
C58,Cameras Sub 58,C13
C59,Home Sub 59,C4
C60,Phones Sub 60,C12
