customerId,name,email,loyaltyPoints
U1,Customer 1,user1@example.com,231
U2,Customer 2,user2@example.com,61
U3,Customer 3,user3@example.com,126
U4,Customer 4,user4@example.com,115
U5,Customer 5,user5@example.com,32
U6,Customer 6,user6@example.com,173
U7,Customer 7,user7@example.com,10
U8,Customer 8,user8@example.com,301
U9,Customer 9,user9@example.com,283
U10,Customer 10,user10@example.com,117
U11,Customer 11,user11@example.com,301
U12,Customer 12,user12@example.com,112
U13,Customer 13,user13@example.com,3
U14,Customer 14,user14@example.com,36
U15,Customer 15,user15@example.com,362
U16,Customer 16,user16@example.com,323
U17,Customer 17,user17@example.com,30
U18,Customer 18,user18@example.com,117
U19,Customer 19,user19@example.com,34
U20,Customer 20,user20@example.com,463
U21,Customer 21,user21@example.com,16
U22,Customer 22,user22@example.com,440
U23,Customer 23,user23@example.com,169
U24,Customer 24,user24@example.com,36
U25,Customer 25,user25@example.com,263
U26,Customer 26,user26@example.com,121
U27,Customer 27,user27@example.com,142
U28,Customer 28,user28@example.com,342
U29,Customer 29,user29@example.com,248
U30,Customer 30,user30@example.com,109
U31,Customer 31,user31@example.com,276
U32,Customer 32,user32@example.com,67
U33,Customer 33,user33@example.com,370
U34,Customer 34,user34@example.com,478
U35,Customer 35,user35@example.com,451
U36,Customer 36,user36@example.com,292
U37,Customer 37,user37@example.com,295
U38,Customer 38,user38@example.com,242
U39,Customer 39,user39@example.com,124
U40,Customer 40,user40@example.com,401
U41,Customer 41,user41@example.com,242
U42,Customer 42,user42@example.com,413
U43,Customer 43,user43@example.com,208
U44,Customer 44,user44@example.com,97
U45,Customer 45,user45@example.com,48
U46,Customer 46,user46@example.com,49
U47,Customer 47,user47@example.com,337
U48,Customer 48,user48@example.com,220
U49,Customer 49,user49@example.com,181
U50,Customer 50,user50@example.com,216
U51,Customer 51,user51@example.com,210
U52,Customer 52,user52@example.com,239
U53,Customer 53,user53@example.com,442
U54,Customer 54,user54@example.com,373
U55,Customer 55,user55@example.com,27
U56,Customer 56,user56@example.com,344
U57,Customer 57,user57@example.com,334
U58,Customer 58,user58@example.com,330
U59,Customer 59,user59@example.com,50
U60,Customer 60,user60@example.com,31
U61,Customer 61,user61@example.com,206
U62,Customer 62,user62@example.com,372
U63,Customer 63,user63@example.com,173
U64,Customer 64,user64@example.com,409
U65,Customer 65,user65@example.com,441
U66,Customer 66,user66@example.com,55
U67,Customer 67,user67@example.com,127
U68,Customer 68,user68@example.com,98
U69,Customer 69,user69@example.com,97
U70,Customer 70,user70@example.com,274
U71,Customer 71,user71@example.com,229
U72,Customer 72,user72@example.com,71
U73,Customer 73,user73@example.com,216
U74,Customer 74,user74@example.com,93
U75,Customer 75,user75@example.com,142
U76,Customer 76,user76@example.com,236
U77,Customer 77,user77@example.com,127
U78,Customer 78,user78@example.com,447
U79,Customer 79,user79@example.com,472
U80,Customer 80,user80@example.com,38
