productId,name,description,price,createdAt
P1,Monitor 1,Monitor product description 1,693.47,2024-02-03
P2,Mouse 2,Mouse product description 2,95.47,2024-02-28
P3,Tablet 3,Tablet product description 3,257.4,2024-04-28
P4,Camera 4,Camera product description 4,165.81,2024-02-07
P5,Monitor 5,Monitor product description 5,1259.99,2024-04-23
P6,Monitor 6,Monitor product description 6,728.65,2024-01-25
P7,Keyboard 7,Keyboard product description 7,147.41,2024-03-25
P8,Shoes 8,Shoes product description 8,1547.41,2024-01-11
P9,Monitor 9,Monitor product description 9,472.25,2024-01-13
P10,Camera 10,Camera product description 10,562.17,2024-03-22
P11,Monitor 11,Monitor product description 11,735.02,2024-02-17
P12,Headphones 12,Headphones product description 12,425.92,2024-02-04
P13,Keyboard 13,Keyboard product description 13,1872.94,2024-03-23
P14,Laptop 14,Laptop product description 14,1221.17,2024-01-22
P15,Tablet 15,Tablet product description 15,1459.96,2024-01-21
P16,Watch 16,Watch product description 16,764.12,2024-04-28
P17,Backpack 17,Backpack product description 17,1378.44,2024-01-29
P18,Backpack 18,Backpack product description 18,654.32,2024-04-08
P19,Mouse 19,Mouse product description 19,120.32,2024-04-15
P20,Phone 20,Phone product description 20,1611.04,2024-02-21
P21,T-Shirt 21,T-Shirt product description 21,140.72,2024-04-26
P22,Printer 22,Printer product description 22,1752.97,2024-02-10
P23,Shoes 23,Shoes product description 23,1313.32,2024-02-20
P24,Drone 24,Drone product description 24,1828.95,2024-02-28
P25,TV 25,TV product description 25,536.11,2024-02-01
P26,Keyboard 26,Keyboard product description 26,1126.12,2024-02-03
P27,Keyboard 27,Keyboard product description 27,1172.33,2024-04-24
P28,Printer 28,Printer product description 28,803.81,2024-01-29
P29,TV 29,TV product description 29,1022.96,2024-01-12
P30,Mouse 30,Mouse product description 30,102.76,2024-01-15
P31,TV 31,TV product description 31,1257.62,2024-04-11
P32,Backpack 32,Backpack product description 32,849.1,2024-01-09
P33,Camera 33,Camera product description 33,768.42,2024-02-29
P34,Tablet 34,Tablet product description 34,509.31,2024-03-11
P35,Monitor 35,Monitor product description 35,1884.44,2024-03-28
P36,Keyboard 36,Keyboard product description 36,236.96,2024-04-23
P37,Tablet 37,Tablet product description 37,1503.25,2024-04-08
P38,Backpack 38,Backpack product description 38,685.95,2024-02-07
P39,Camera 39,Camera product description 39,323.73,2024-01-01
P40,Keyboard 40,Keyboard product description 40,1751.95,2024-02-03
P41,Tablet 41,Tablet product description 41,1525.3,2024-03-05
P42,Drone 42,Drone product description 42,220.76,2024-03-21
P43,T-Shirt 43,T-Shirt product description 43,1683.92,2024-03-05
P44,Printer 44,Printer product description 44,404.83,2024-02-17
P45,Mouse 45,Mouse product description 45,330.48,2024-04-09
P46,Drone 46,Drone product description 46,1064.4,2024-01-01
P47,Printer 47,Printer product description 47,654.07,2024-01-03
P48,Laptop 48,Laptop product description 48,1857.91,2024-04-22
P49,Monitor 49,Monitor product description 49,1614.48,2024-01-31
P50,Phone 50,Phone product description 50,488.33,2024-03-13
P51,Laptop 51,Laptop product description 51,179.45,2024-03-03
P52,Monitor 52,Monitor product description 52,146.73,2024-04-07
P53,Tablet 53,Tablet product description 53,1533.01,2024-01-17
P54,Backpack 54,Backpack product description 54,954.81,2024-03-11
P55,TV 55,TV product description 55,536.46,2024-04-21
P56,Printer 56,Printer product description 56,851.04,2024-01-28
P57,Drone 57,Drone product description 57,1082.2,2024-04-03
P58,Keyboard 58,Keyboard product description 58,409.29,2024-02-09
P59,Camera 59,Camera product description 59,1989.35,2024-03-24
P60,Headphones 60,Headphones product description 60,880.82,2024-03-07
