reviewId,rating,comment,reviewDate
R1,4,Not as expected,2024-05-26
R2,5,Value for money,2024-03-10
R3,4,Highly recommended,2024-05-15
R4,3,Works as described,2024-05-28
R5,3,Could be better,2024-06-17
R6,3,Average,2024-04-19
R7,4,Good quality,2024-03-31
R8,4,Great support,2024-04-15
R9,5,Not as expected,2024-05-29
R10,3,Excellent product!,2024-06-15
R11,4,Not as expected,2024-03-02
R12,5,Excellent product!,2024-06-25
R13,5,Could be better,2024-06-15
R14,3,Average,2024-05-17
R15,3,Average,2024-05-21
R16,2,Great support,2024-04-02
R17,2,Good quality,2024-06-24
R18,1,Not as expected,2024-06-09
R19,4,Excellent product!,2024-05-14
R20,3,Value for money,2024-03-12
R21,3,Highly recommended,2024-06-04
R22,4,Value for money,2024-03-26
R23,2,Fast shipping,2024-06-21
R24,3,Fast shipping,2024-05-04
R25,3,Value for money,2024-04-02
R26,4,Not as expected,2024-06-04
R27,3,Good quality,2024-04-29
R28,1,Value for money,2024-06-05
R29,2,Works as described,2024-06-17
R30,5,Highly recommended,2024-03-12
R31,4,Excellent product!,2024-04-03
R32,5,Good quality,2024-04-28
R33,3,Not as expected,2024-05-14
R34,4,Highly recommended,2024-03-14
R35,2,Could be better,2024-03-04
R36,5,Fast shipping,2024-04-11
R37,5,Average,2024-05-22
R38,1,Could be better,2024-06-25
R39,3,Works as described,2024-03-15
R40,2,Excellent product!,2024-06-30
R41,1,Not as expected,2024-05-03
R42,1,Good quality,2024-03-31
R43,5,Value for money,2024-04-19
R44,4,Highly recommended,2024-05-25
R45,5,Works as described,2024-05-15
R46,2,Works as described,2024-05-23
R47,1,Could be better,2024-05-18
R48,4,Not as expected,2024-03-05
R49,3,Average,2024-04-26
R50,4,Average,2024-06-18
R51,3,Good quality,2024-05-27
R52,3,Fast shipping,2024-06-24
R53,3,Excellent product!,2024-04-20
R54,3,Average,2024-03-16
R55,4,Good quality,2024-05-24
R56,2,Great support,2024-03-03
R57,1,Highly recommended,2024-04-01
R58,2,Great support,2024-03-27
R59,1,Fast shipping,2024-03-27
R60,5,Average,2024-06-13
R61,2,Highly recommended,2024-06-08
R62,2,Great support,2024-03-01
R63,3,Value for money,2024-03-17
R64,5,Not as expected,2024-06-11
R65,2,Good quality,2024-05-24
R66,1,Value for money,2024-03-02
R67,3,Average,2024-05-15
R68,3,Excellent product!,2024-03-23
R69,3,Excellent product!,2024-03-17
R70,4,Fast shipping,2024-03-15
R71,1,Could be better,2024-04-27
R72,3,Fast shipping,2024-05-15
R73,1,Could be better,2024-05-04
R74,2,Great support,2024-03-06
R75,5,Not as expected,2024-04-28
R76,1,Excellent product!,2024-05-01
R77,4,Works as described,2024-05-27
R78,1,Could be better,2024-05-31
R79,4,Good quality,2024-06-24
R80,1,Highly recommended,2024-05-17
R81,2,Good quality,2024-03-17
R82,3,Great support,2024-05-21
R83,5,Fast shipping,2024-05-31
R84,3,Works as described,2024-05-16
R85,5,Not as expected,2024-04-28
R86,5,Great support,2024-04-25
R87,1,Good quality,2024-06-18
R88,5,Average,2024-04-25
R89,4,Average,2024-04-22
R90,3,Could be better,2024-04-21
R91,4,Good quality,2024-04-10
R92,4,Highly recommended,2024-05-25
R93,3,Highly recommended,2024-03-20
R94,4,Good quality,2024-03-12
R95,1,Good quality,2024-04-25
R96,1,Highly recommended,2024-06-12
R97,2,Fast shipping,2024-03-08
R98,5,Fast shipping,2024-05-11
R99,3,Good quality,2024-04-22
R100,3,Works as described,2024-06-20
