supplierId,name,contactInfo
S1,Supplier 1,www.supplier1.com
S2,Supplier 2,www.supplier2.com
S3,Supplier 3,www.supplier3.com
S4,Supplier 4,www.supplier4.com
S5,Supplier 5,www.supplier5.com
S6,Supplier 6,www.supplier6.com
S7,Supplier 7,www.supplier7.com
S8,Supplier 8,www.supplier8.com
S9,Supplier 9,www.supplier9.com
S10,Supplier 10,www.supplier10.com
S11,Supplier 11,www.supplier11.com
S12,Supplier 12,www.supplier12.com
S13,Supplier 13,www.supplier13.com
S14,Supplier 14,www.supplier14.com
S15,Supplier 15,www.supplier15.com
S16,Supplier 16,www.supplier16.com
S17,Supplier 17,www.supplier17.com
S18,Supplier 18,www.supplier18.com
S19,Supplier 19,www.supplier19.com
S20,Supplier 20,www.supplier20.com
S21,Supplier 21,www.supplier21.com
S22,Supplier 22,www.supplier22.com
S23,Supplier 23,www.supplier23.com
S24,Supplier 24,www.supplier24.com
S25,Supplier 25,www.supplier25.com
S26,Supplier 26,www.supplier26.com
S27,Supplier 27,www.supplier27.com
S28,Supplier 28,www.supplier28.com
S29,Supplier 29,www.supplier29.com
S30,Supplier 30,www.supplier30.com
S31,Supplier 31,www.supplier31.com
S32,Supplier 32,www.supplier32.com
S33,Supplier 33,www.supplier33.com
S34,Supplier 34,www.supplier34.com
S35,Supplier 35,www.supplier35.com
S36,Supplier 36,www.supplier36.com
S37,Supplier 37,www.supplier37.com
S38,Supplier 38,www.supplier38.com
S39,Supplier 39,www.supplier39.com
S40,Supplier 40,www.supplier40.com
S41,Supplier 41,www.supplier41.com
S42,Supplier 42,www.supplier42.com
S43,Supplier 43,www.supplier43.com
S44,Supplier 44,www.supplier44.com
S45,Supplier 45,www.supplier45.com
S46,Supplier 46,www.supplier46.com
S47,Supplier 47,www.supplier47.com
S48,Supplier 48,www.supplier48.com
S49,Supplier 49,www.supplier49.com
S50,Supplier 50,www.supplier50.com
S51,Supplier 51,www.supplier51.com
S52,Supplier 52,www.supplier52.com
S53,Supplier 53,www.supplier53.com
S54,Supplier 54,www.supplier54.com
S55,Supplier 55,www.supplier55.com
S56,Supplier 56,www.supplier56.com
S57,Supplier 57,www.supplier57.com
S58,Supplier 58,www.supplier58.com
S59,Supplier 59,www.supplier59.com
S60,Supplier 60,www.supplier60.com
